Name,Event,Photo
Tuscany-00001,Tuscany,https://cdn.jsdelivr.net/gh/meredithmcmillan/tuscany/Tuscany-00001.avif
Tuscany-00002,Tuscany,https://cdn.jsdelivr.net/gh/meredithmcmillan/tuscany/Tuscany-00002.avif
Tuscany-00003,Tuscany,https://cdn.jsdelivr.net/gh/meredithmcmillan/tuscany/Tuscany-00003.avif
Tuscany-00004,Tuscany,https://cdn.jsdelivr.net/gh/meredithmcmillan/tuscany/Tuscany-00004.avif
Tuscany-00005,Tuscany,https://cdn.jsdelivr.net/gh/meredithmcmillan/tuscany/Tuscany-00005.avif
Tuscany-00006,Tuscany,https://cdn.jsdelivr.net/gh/meredithmcmillan/tuscany/Tuscany-00006.avif
Tuscany-00007,Tuscany,https://cdn.jsdelivr.net/gh/meredithmcmillan/tuscany/Tuscany-00007.avif
Tuscany-00008,Tuscany,https://cdn.jsdelivr.net/gh/meredithmcmillan/tuscany/Tuscany-00008.avif
Tuscany-00009,Tuscany,https://cdn.jsdelivr.net/gh/meredithmcmillan/tuscany/Tuscany-00009.avif
Tuscany-00010,Tuscany,https://cdn.jsdelivr.net/gh/meredithmcmillan/tuscany/Tuscany-00010.avif
Tuscany-00011,Tuscany,https://cdn.jsdelivr.net/gh/meredithmcmillan/tuscany/Tuscany-00011.avif
Tuscany-00012,Tuscany,https://cdn.jsdelivr.net/gh/meredithmcmillan/tuscany/Tuscany-00012.avif
Tuscany-00013,Tuscany,https://cdn.jsdelivr.net/gh/meredithmcmillan/tuscany/Tuscany-00013.avif
Tuscany-00014,Tuscany,https://cdn.jsdelivr.net/gh/meredithmcmillan/tuscany/Tuscany-00014.avif
Tuscany-00015,Tuscany,https://cdn.jsdelivr.net/gh/meredithmcmillan/tuscany/Tuscany-00015.avif
Tuscany-00016,Tuscany,https://cdn.jsdelivr.net/gh/meredithmcmillan/tuscany/Tuscany-00016.avif
Tuscany-00017,Tuscany,https://cdn.jsdelivr.net/gh/meredithmcmillan/tuscany/Tuscany-00017.avif
Tuscany-00018,Tuscany,https://cdn.jsdelivr.net/gh/meredithmcmillan/tuscany/Tuscany-00018.avif
Tuscany-00019,Tuscany,https://cdn.jsdelivr.net/gh/meredithmcmillan/tuscany/Tuscany-00019.avif
Tuscany-00020,Tuscany,https://cdn.jsdelivr.net/gh/meredithmcmillan/tuscany/Tuscany-00020.avif
Tuscany-00021,Tuscany,https://cdn.jsdelivr.net/gh/meredithmcmillan/tuscany/Tuscany-00021.avif
Tuscany-00022,Tuscany,https://cdn.jsdelivr.net/gh/meredithmcmillan/tuscany/Tuscany-00022.avif
Tuscany-00023,Tuscany,https://cdn.jsdelivr.net/gh/meredithmcmillan/tuscany/Tuscany-00023.avif
Tuscany-00024,Tuscany,https://cdn.jsdelivr.net/gh/meredithmcmillan/tuscany/Tuscany-00024.avif
Tuscany-00025,Tuscany,https://cdn.jsdelivr.net/gh/meredithmcmillan/tuscany/Tuscany-00025.avif
Tuscany-00026,Tuscany,https://cdn.jsdelivr.net/gh/meredithmcmillan/tuscany/Tuscany-00026.avif
Tuscany-00027,Tuscany,https://cdn.jsdelivr.net/gh/meredithmcmillan/tuscany/Tuscany-00027.avif
Tuscany-00028,Tuscany,https://cdn.jsdelivr.net/gh/meredithmcmillan/tuscany/Tuscany-00028.avif
Tuscany-00029,Tuscany,https://cdn.jsdelivr.net/gh/meredithmcmillan/tuscany/Tuscany-00029.avif
Tuscany-00030,Tuscany,https://cdn.jsdelivr.net/gh/meredithmcmillan/tuscany/Tuscany-00030.avif
Tuscany-00031,Tuscany,https://cdn.jsdelivr.net/gh/meredithmcmillan/tuscany/Tuscany-00031.avif
Tuscany-00032,Tuscany,https://cdn.jsdelivr.net/gh/meredithmcmillan/tuscany/Tuscany-00032.avif
Tuscany-00033,Tuscany,https://cdn.jsdelivr.net/gh/meredithmcmillan/tuscany/Tuscany-00033.avif
Tuscany-00034,Tuscany,https://cdn.jsdelivr.net/gh/meredithmcmillan/tuscany/Tuscany-00034.avif
Tuscany-00035,Tuscany,https://cdn.jsdelivr.net/gh/meredithmcmillan/tuscany/Tuscany-00035.avif
Tuscany-00036,Tuscany,https://cdn.jsdelivr.net/gh/meredithmcmillan/tuscany/Tuscany-00036.avif
Tuscany-00037,Tuscany,https://cdn.jsdelivr.net/gh/meredithmcmillan/tuscany/Tuscany-00037.avif
Tuscany-00038,Tuscany,https://cdn.jsdelivr.net/gh/meredithmcmillan/tuscany/Tuscany-00038.avif
Tuscany-00039,Tuscany,https://cdn.jsdelivr.net/gh/meredithmcmillan/tuscany/Tuscany-00039.avif
Tuscany-00040,Tuscany,https://cdn.jsdelivr.net/gh/meredithmcmillan/tuscany/Tuscany-00040.avif
Tuscany-00041,Tuscany,https://cdn.jsdelivr.net/gh/meredithmcmillan/tuscany/Tuscany-00041.avif
Tuscany-00042,Tuscany,https://cdn.jsdelivr.net/gh/meredithmcmillan/tuscany/Tuscany-00042.avif
Tuscany-00043,Tuscany,https://cdn.jsdelivr.net/gh/meredithmcmillan/tuscany/Tuscany-00043.avif
Tuscany-00044,Tuscany,https://cdn.jsdelivr.net/gh/meredithmcmillan/tuscany/Tuscany-00044.avif
Tuscany-00045,Tuscany,https://cdn.jsdelivr.net/gh/meredithmcmillan/tuscany/Tuscany-00045.avif
Tuscany-00046,Tuscany,https://cdn.jsdelivr.net/gh/meredithmcmillan/tuscany/Tuscany-00046.avif
Tuscany-00047,Tuscany,https://cdn.jsdelivr.net/gh/meredithmcmillan/tuscany/Tuscany-00047.avif
Tuscany-00048,Tuscany,https://cdn.jsdelivr.net/gh/meredithmcmillan/tuscany/Tuscany-00048.avif
Tuscany-00049,Tuscany,https://cdn.jsdelivr.net/gh/meredithmcmillan/tuscany/Tuscany-00049.avif
Tuscany-00050,Tuscany,https://cdn.jsdelivr.net/gh/meredithmcmillan/tuscany/Tuscany-00050.avif
Tuscany-00051,Tuscany,https://cdn.jsdelivr.net/gh/meredithmcmillan/tuscany/Tuscany-00051.avif
Tuscany-00052,Tuscany,https://cdn.jsdelivr.net/gh/meredithmcmillan/tuscany/Tuscany-00052.avif
Tuscany-00053,Tuscany,https://cdn.jsdelivr.net/gh/meredithmcmillan/tuscany/Tuscany-00053.avif
Tuscany-00054,Tuscany,https://cdn.jsdelivr.net/gh/meredithmcmillan/tuscany/Tuscany-00054.avif
Tuscany-00055,Tuscany,https://cdn.jsdelivr.net/gh/meredithmcmillan/tuscany/Tuscany-00055.avif
Tuscany-00056,Tuscany,https://cdn.jsdelivr.net/gh/meredithmcmillan/tuscany/Tuscany-00056.avif
Tuscany-00057,Tuscany,https://cdn.jsdelivr.net/gh/meredithmcmillan/tuscany/Tuscany-00057.avif
Tuscany-00058,Tuscany,https://cdn.jsdelivr.net/gh/meredithmcmillan/tuscany/Tuscany-00058.avif
Tuscany-00059,Tuscany,https://cdn.jsdelivr.net/gh/meredithmcmillan/tuscany/Tuscany-00059.avif
Tuscany-00060,Tuscany,https://cdn.jsdelivr.net/gh/meredithmcmillan/tuscany/Tuscany-00060.avif
Tuscany-00061,Tuscany,https://cdn.jsdelivr.net/gh/meredithmcmillan/tuscany/Tuscany-00061.avif
Tuscany-00062,Tuscany,https://cdn.jsdelivr.net/gh/meredithmcmillan/tuscany/Tuscany-00062.avif
Tuscany-00063,Tuscany,https://cdn.jsdelivr.net/gh/meredithmcmillan/tuscany/Tuscany-00063.avif
Tuscany-00064,Tuscany,https://cdn.jsdelivr.net/gh/meredithmcmillan/tuscany/Tuscany-00064.avif
Tuscany-00065,Tuscany,https://cdn.jsdelivr.net/gh/meredithmcmillan/tuscany/Tuscany-00065.avif
Tuscany-00066,Tuscany,https://cdn.jsdelivr.net/gh/meredithmcmillan/tuscany/Tuscany-00066.avif
Tuscany-00067,Tuscany,https://cdn.jsdelivr.net/gh/meredithmcmillan/tuscany/Tuscany-00067.avif
Tuscany-00068,Tuscany,https://cdn.jsdelivr.net/gh/meredithmcmillan/tuscany/Tuscany-00068.avif
Tuscany-00069,Tuscany,https://cdn.jsdelivr.net/gh/meredithmcmillan/tuscany/Tuscany-00069.avif
Tuscany-00070,Tuscany,https://cdn.jsdelivr.net/gh/meredithmcmillan/tuscany/Tuscany-00070.avif
Tuscany-00071,Tuscany,https://cdn.jsdelivr.net/gh/meredithmcmillan/tuscany/Tuscany-00071.avif